AED,AFN,ALL,AMD,ANG,AOA,ARS,AUD,AWG,AZN
3.673042,103.750404,106.650403,480.234325,1.802591,550.590403,102.689974,1.3758,1.8,1.70397
3.67298,103.749983,106.650326,480.234325,1.802591,550.590435,102.664691,1.376179,1.8,1.698647
3.673103,103.750299,106.24988,481.590005,1.802973,554.203977,102.958502,1.389502,1.8005,1.701522
3.673096,104.899369,105.87495,482.30163,1.8015,553.427992,103.1041,1.381105,1.8,1.698131
3.673102,105.250158,106.90253,483.164239,1.802797,552.652983,103.102801,1.384754,1.8005,1.691373
3.673102,104.999962,107.350118,483.038449,1.802366,551.700853,103.2286,1.395982,1.8,1.700773
3.673042,105.000368,107.000368,483.788207,1.802362,550.928041,103.292284,1.392651,1.8005,1.70397
